{
  "veiculo": {
    "ID": "V002",
    "Latitude": -23.5505,
    "Longitude": -46.6333,
    "Bateria": 100,
    "IsCarregando": false
  },
  "ultima_recarga": "2025-03-15T19:05:49.732368676Z",
  "km_percorridos": 94,
  "historico": [
    {
      "timestamp": "2025-03-15T18:59:23.927990518Z",
      "tipo": "alerta",
      "latitude": -23.551154885064932,
      "longitude": -46.6336597534378,
      "bateria": 18.95715425184046,
      "detalhes": "Bateria baixa, procurando posto"
    },
    {
      "timestamp": "2025-03-15T18:59:23.929672566Z",
      "tipo": "deslocamento",
      "latitude": -23.5505,
      "longitude": -46.6333,
      "bateria": 18.95715425184046,
      "detalhes": "Deslocamento para o posto P001"
    },
    {
      "timestamp": "2025-03-15T18:59:23.930537946Z",
      "tipo": "recarga",
      "latitude": -23.5505,
      "longitude": -46.6333,
      "bateria": 18.95715425184046,
      "detalhes": "Iniciando recarga no posto P001"
    },
    {
      "timestamp": "2025-03-15T18:59:43.948627398Z",
      "tipo": "recarga",
      "latitude": -23.5505,
      "longitude": -46.6333,
      "bateria": 18.95715425184046,
      "detalhes": "Carregamento concluído"
    },
    {
      "timestamp": "2025-03-15T18:59:43.949227249Z",
      "tipo": "liberação",
      "latitude": -23.5505,
      "longitude": -46.6333,
      "bateria": 100,
      "detalhes": "Vaga liberada no posto P001"
    },
    {
      "timestamp": "2025-03-15T18:59:48.95652561Z",
      "tipo": "movimento",
      "latitude": -23.550148030812053,
      "longitude": -46.63308050795411,
      "bateria": 81.65808268170498,
      "detalhes": "Km total: 77.00"
    },
    {
      "timestamp": "2025-03-15T18:59:53.965073125Z",
      "tipo": "movimento",
      "latitude": -23.550340252113287,
      "longitude": -46.63279031545692,
      "bateria": 55.09975154881822,
      "detalhes": "Km total: 77.50"
    },
    {
      "timestamp": "2025-03-15T18:59:58.967878649Z",
      "tipo": "movimento",
      "latitude": -23.550796280128043,
      "longitude": -46.63301373258529,
      "bateria": 34.80514430246969,
      "detalhes": "Km total: 78.00"
    },
    {
      "timestamp": "2025-03-15T19:00:03.97581634Z",
      "tipo": "movimento",
      "latitude": -23.55128939831243,
      "longitude": -46.63273156016318,
      "bateria": 5.644899414254304,
      "detalhes": "Km total: 78.50"
    },
    {
      "timestamp": "2025-03-15T19:00:03.980272528Z",
      "tipo": "alerta",
      "latitude": -23.55128939831243,
      "longitude": -46.63273156016318,
      "bateria": 5.644899414254304,
      "detalhes": "Bateria baixa, procurando posto"
    },
    {
      "timestamp": "2025-03-15T19:00:03.981728506Z",
      "tipo": "deslocamento",
      "latitude": -23.5505,
      "longitude": -46.6333,
      "bateria": 5.644899414254304,
      "detalhes": "Deslocamento para o posto P001"
    },
    {
      "timestamp": "2025-03-15T19:00:03.982364308Z",
      "tipo": "recarga",
      "latitude": -23.5505,
      "longitude": -46.6333,
      "bateria": 5.644899414254304,
      "detalhes": "Iniciando recarga no posto P001"
    },
    {
      "timestamp": "2025-03-15T19:00:29.005512749Z",
      "tipo": "recarga",
      "latitude": -23.5505,
      "longitude": -46.6333,
      "bateria": 5.644899414254304,
      "detalhes": "Carregamento concluído"
    },
    {
      "timestamp": "2025-03-15T19:00:29.006204654Z",
      "tipo": "liberação",
      "latitude": -23.5505,
      "longitude": -46.6333,
      "bateria": 100,
      "detalhes": "Vaga liberada no posto P001"
    },
    {
      "timestamp": "2025-03-15T19:00:34.013802439Z",
      "tipo": "movimento",
      "latitude": -23.550931533569596,
      "longitude": -46.63369406129422,
      "bateria": 61.880750620057334,
      "detalhes": "Km total: 79.00"
    },
    {
      "timestamp": "2025-03-15T19:00:39.021186115Z",
      "tipo": "movimento",
      "latitude": -23.550477835150346,
      "longitude": -46.6338070900802,
      "bateria": 41.5508856232785,
      "detalhes": "Km total: 79.50"
    },
    {
      "timestamp": "2025-03-15T19:00:44.025588013Z",
      "tipo": "movimento",
      "latitude": -23.55083879941376,
      "longitude": -46.633781010701874,
      "bateria": 20.882666719238586,
      "detalhes": "Km total: 80.00"
    },
    {
      "timestamp": "2025-03-15T19:00:44.029020557Z",
      "tipo": "alerta",
      "latitude": -23.55083879941376,
      "longitude": -46.633781010701874,
      "bateria": 20.882666719238586,
      "detalhes": "Bateria baixa, procurando posto"
    },
    {
      "timestamp": "2025-03-15T19:00:44.030719099Z",
      "tipo": "deslocamento",
      "latitude": -23.5505,
      "longitude": -46.6333,
      "bateria": 20.882666719238586,
      "detalhes": "Deslocamento para o posto P001"
    },
    {
      "timestamp": "2025-03-15T19:00:44.031236193Z",
      "tipo": "recarga",
      "latitude": -23.5505,
      "longitude": -46.6333,
      "bateria": 20.882666719238586,
      "detalhes": "Iniciando recarga no posto P001"
    },
    {
      "timestamp": "2025-03-15T19:01:29.066129333Z",
      "tipo": "recarga",
      "latitude": -23.5505,
      "longitude": -46.6333,
      "bateria": 20.882666719238586,
      "detalhes": "Carregamento concluído"
    },
    {
      "timestamp": "2025-03-15T19:01:29.066826339Z",
      "tipo": "liberação",
      "latitude": -23.5505,
      "longitude": -46.6333,
      "bateria": 100,
      "detalhes": "Vaga liberada no posto P001"
    },
    {
      "timestamp": "2025-03-15T19:01:34.074380706Z",
      "tipo": "movimento",
      "latitude": -23.550539820138344,
      "longitude": -46.63369334505295,
      "bateria": 58.45097710438926,
      "detalhes": "Km total: 80.50"
    },
    {
      "timestamp": "2025-03-15T19:01:39.083410053Z",
      "tipo": "movimento",
      "latitude": -23.550861023349288,
      "longitude": -46.63390075237794,
      "bateria": 39.28477435542567,
      "detalhes": "Km total: 81.00"
    },
    {
      "timestamp": "2025-03-15T19:01:44.088381524Z",
      "tipo": "movimento",
      "latitude": -23.550979041750836,
      "longitude": -46.63392612363095,
      "bateria": 6.2055147589256165,
      "detalhes": "Km total: 81.50"
    },
    {
      "timestamp": "2025-03-15T19:01:44.091614588Z",
      "tipo": "alerta",
      "latitude": -23.550979041750836,
      "longitude": -46.63392612363095,
      "bateria": 6.2055147589256165,
      "detalhes": "Bateria baixa, procurando posto"
    },
    {
      "timestamp": "2025-03-15T19:01:44.09310525Z",
      "tipo": "deslocamento",
      "latitude": -23.5505,
      "longitude": -46.6333,
      "bateria": 6.2055147589256165,
      "detalhes": "Deslocamento para o posto P001"
    },
    {
      "timestamp": "2025-03-15T19:01:44.093624083Z",
      "tipo": "recarga",
      "latitude": -23.5505,
      "longitude": -46.6333,
      "bateria": 6.2055147589256165,
      "detalhes": "Iniciando recarga no posto P001"
    },
    {
      "timestamp": "2025-03-15T19:01:49.109152151Z",
      "tipo": "recarga",
      "latitude": -23.5505,
      "longitude": -46.6333,
      "bateria": 6.2055147589256165,
      "detalhes": "Carregamento concluído"
    },
    {
      "timestamp": "2025-03-15T19:01:49.109785688Z",
      "tipo": "liberação",
      "latitude": -23.5505,
      "longitude": -46.6333,
      "bateria": 100,
      "detalhes": "Vaga liberada no posto P001"
    },
    {
      "timestamp": "2025-03-15T19:01:54.117282629Z",
      "tipo": "movimento",
      "latitude": -23.550330982289733,
      "longitude": -46.63362511218425,
      "bateria": 58.346951314639426,
      "detalhes": "Km total: 82.00"
    },
    {
      "timestamp": "2025-03-15T19:01:59.120638361Z",
      "tipo": "movimento",
      "latitude": -23.550558499200573,
      "longitude": -46.63339994625997,
      "bateria": 29.64717829346447,
      "detalhes": "Km total: 82.50"
    },
    {
      "timestamp": "2025-03-15T19:01:59.123834925Z",
      "tipo": "alerta",
      "latitude": -23.550558499200573,
      "longitude": -46.63339994625997,
      "bateria": 29.64717829346447,
      "detalhes": "Bateria baixa, procurando posto"
    },
    {
      "timestamp": "2025-03-15T19:01:59.125039798Z",
      "tipo": "deslocamento",
      "latitude": -23.5505,
      "longitude": -46.6333,
      "bateria": 29.64717829346447,
      "detalhes": "Deslocamento para o posto P001"
    },
    {
      "timestamp": "2025-03-15T19:01:59.125511144Z",
      "tipo": "recarga",
      "latitude": -23.5505,
      "longitude": -46.6333,
      "bateria": 29.64717829346447,
      "detalhes": "Iniciando recarga no posto P001"
    },
    {
      "timestamp": "2025-03-15T19:02:04.135161761Z",
      "tipo": "recarga",
      "latitude": -23.5505,
      "longitude": -46.6333,
      "bateria": 29.64717829346447,
      "detalhes": "Carregamento concluído"
    },
    {
      "timestamp": "2025-03-15T19:02:04.13579324Z",
      "tipo": "liberação",
      "latitude": -23.5505,
      "longitude": -46.6333,
      "bateria": 100,
      "detalhes": "Vaga liberada no posto P001"
    },
    {
      "timestamp": "2025-03-15T19:02:09.139193854Z",
      "tipo": "movimento",
      "latitude": -23.550458561339436,
      "longitude": -46.63301452574486,
      "bateria": 71.56118495374685,
      "detalhes": "Km total: 83.00"
    },
    {
      "timestamp": "2025-03-15T19:02:14.144471977Z",
      "tipo": "movimento",
      "latitude": -23.55013597368882,
      "longitude": -46.633115337306755,
      "bateria": 33.225786142089554,
      "detalhes": "Km total: 83.50"
    },
    {
      "timestamp": "2025-03-15T19:02:19.152365721Z",
      "tipo": "movimento",
      "latitude": -23.549784523839758,
      "longitude": -46.632714337116866,
      "bateria": 16.999116331203606,
      "detalhes": "Km total: 84.00"
    },
    {
      "timestamp": "2025-03-15T19:02:19.155722172Z",
      "tipo": "alerta",
      "latitude": -23.549784523839758,
      "longitude": -46.632714337116866,
      "bateria": 16.999116331203606,
      "detalhes": "Bateria baixa, procurando posto"
    },
    {
      "timestamp": "2025-03-15T19:02:19.157077888Z",
      "tipo": "deslocamento",
      "latitude": -23.5505,
      "longitude": -46.6333,
      "bateria": 16.999116331203606,
      "detalhes": "Deslocamento para o posto P001"
    },
    {
      "timestamp": "2025-03-15T19:02:19.157553794Z",
      "tipo": "recarga",
      "latitude": -23.5505,
      "longitude": -46.6333,
      "bateria": 16.999116331203606,
      "detalhes": "Iniciando recarga no posto P001"
    },
    {
      "timestamp": "2025-03-15T19:02:54.181899047Z",
      "tipo": "recarga",
      "latitude": -23.5505,
      "longitude": -46.6333,
      "bateria": 16.999116331203606,
      "detalhes": "Carregamento concluído"
    },
    {
      "timestamp": "2025-03-15T19:02:54.18244944Z",
      "tipo": "liberação",
      "latitude": -23.5505,
      "longitude": -46.6333,
      "bateria": 100,
      "detalhes": "Vaga liberada no posto P001"
    },
    {
      "timestamp": "2025-03-15T19:02:59.186911927Z",
      "tipo": "movimento",
      "latitude": -23.550511405376103,
      "longitude": -46.633289700596144,
      "bateria": 67.22244255053715,
      "detalhes": "Km total: 84.50"
    },
    {
      "timestamp": "2025-03-15T19:03:04.194648311Z",
      "tipo": "movimento",
      "latitude": -23.550526529950417,
      "longitude": -46.6336742593131,
      "bateria": 31.025469993171583,
      "detalhes": "Km total: 85.00"
    },
    {
      "timestamp": "2025-03-15T19:03:09.202392446Z",
      "tipo": "movimento",
      "latitude": -23.55019246856532,
      "longitude": -46.633798783528626,
      "bateria": 0,
      "detalhes": "Km total: 85.50"
    },
    {
      "timestamp": "2025-03-15T19:03:09.205494848Z",
      "tipo": "alerta",
      "latitude": -23.55019246856532,
      "longitude": -46.633798783528626,
      "bateria": 0,
      "detalhes": "Bateria baixa, procurando posto"
    },
    {
      "timestamp": "2025-03-15T19:03:09.206764157Z",
      "tipo": "deslocamento",
      "latitude": -23.5505,
      "longitude": -46.6333,
      "bateria": 0,
      "detalhes": "Deslocamento para o posto P001"
    },
    {
      "timestamp": "2025-03-15T19:03:09.207186115Z",
      "tipo": "recarga",
      "latitude": -23.5505,
      "longitude": -46.6333,
      "bateria": 0,
      "detalhes": "Iniciando recarga no posto P001"
    },
    {
      "timestamp": "2025-03-15T19:03:19.219782067Z",
      "tipo": "recarga",
      "latitude": -23.5505,
      "longitude": -46.6333,
      "bateria": 0,
      "detalhes": "Carregamento concluído"
    },
    {
      "timestamp": "2025-03-15T19:03:19.220471309Z",
      "tipo": "liberação",
      "latitude": -23.5505,
      "longitude": -46.6333,
      "bateria": 100,
      "detalhes": "Vaga liberada no posto P001"
    },
    {
      "timestamp": "2025-03-15T19:03:24.227273745Z",
      "tipo": "movimento",
      "latitude": -23.550846290249574,
      "longitude": -46.63305601113604,
      "bateria": 77.61493754572132,
      "detalhes": "Km total: 86.00"
    },
    {
      "timestamp": "2025-03-15T19:03:29.233072454Z",
      "tipo": "movimento",
      "latitude": -23.55126648356164,
      "longitude": -46.63258672080527,
      "bateria": 56.68170886871661,
      "detalhes": "Km total: 86.50"
    },
    {
      "timestamp": "2025-03-15T19:03:34.240589457Z",
      "tipo": "movimento",
      "latitude": -23.551505279451145,
      "longitude": -46.63247158970729,
      "bateria": 38.738547126255725,
      "detalhes": "Km total: 87.00"
    },
    {
      "timestamp": "2025-03-15T19:03:39.248697877Z",
      "tipo": "movimento",
      "latitude": -23.551071344256993,
      "longitude": -46.63206041172535,
      "bateria": 3.853855400819583,
      "detalhes": "Km total: 87.50"
    },
    {
      "timestamp": "2025-03-15T19:03:39.252220708Z",
      "tipo": "alerta",
      "latitude": -23.551071344256993,
      "longitude": -46.63206041172535,
      "bateria": 3.853855400819583,
      "detalhes": "Bateria baixa, procurando posto"
    },
    {
      "timestamp": "2025-03-15T19:03:39.253464939Z",
      "tipo": "deslocamento",
      "latitude": -23.5505,
      "longitude": -46.6333,
      "bateria": 3.853855400819583,
      "detalhes": "Deslocamento para o posto P001"
    },
    {
      "timestamp": "2025-03-15T19:03:39.253947433Z",
      "tipo": "recarga",
      "latitude": -23.5505,
      "longitude": -46.6333,
      "bateria": 3.853855400819583,
      "detalhes": "Iniciando recarga no posto P001"
    },
    {
      "timestamp": "2025-03-15T19:03:54.271949766Z",
      "tipo": "recarga",
      "latitude": -23.5505,
      "longitude": -46.6333,
      "bateria": 3.853855400819583,
      "detalhes": "Carregamento concluído"
    },
    {
      "timestamp": "2025-03-15T19:03:54.272641623Z",
      "tipo": "liberação",
      "latitude": -23.5505,
      "longitude": -46.6333,
      "bateria": 100,
      "detalhes": "Vaga liberada no posto P001"
    },
    {
      "timestamp": "2025-03-15T19:03:59.277869264Z",
      "tipo": "movimento",
      "latitude": -23.550970770932537,
      "longitude": -46.63281802733196,
      "bateria": 56.60972937702473,
      "detalhes": "Km total: 88.00"
    },
    {
      "timestamp": "2025-03-15T19:04:04.281437607Z",
      "tipo": "movimento",
      "latitude": -23.551444306482296,
      "longitude": -46.632666907314174,
      "bateria": 14.516259462734062,
      "detalhes": "Km total: 88.50"
    },
    {
      "timestamp": "2025-03-15T19:04:04.284921892Z",
      "tipo": "alerta",
      "latitude": -23.551444306482296,
      "longitude": -46.632666907314174,
      "bateria": 14.516259462734062,
      "detalhes": "Bateria baixa, procurando posto"
    },
    {
      "timestamp": "2025-03-15T19:04:04.286349134Z",
      "tipo": "deslocamento",
      "latitude": -23.5505,
      "longitude": -46.6333,
      "bateria": 14.516259462734062,
      "detalhes": "Deslocamento para o posto P001"
    },
    {
      "timestamp": "2025-03-15T19:04:04.286988583Z",
      "tipo": "recarga",
      "latitude": -23.5505,
      "longitude": -46.6333,
      "bateria": 14.516259462734062,
      "detalhes": "Iniciando recarga no posto P001"
    },
    {
      "timestamp": "2025-03-15T19:04:29.309773659Z",
      "tipo": "recarga",
      "latitude": -23.5505,
      "longitude": -46.6333,
      "bateria": 14.516259462734062,
      "detalhes": "Carregamento concluído"
    },
    {
      "timestamp": "2025-03-15T19:04:29.310292048Z",
      "tipo": "liberação",
      "latitude": -23.5505,
      "longitude": -46.6333,
      "bateria": 100,
      "detalhes": "Vaga liberada no posto P001"
    },
    {
      "timestamp": "2025-03-15T19:04:34.314704611Z",
      "tipo": "movimento",
      "latitude": -23.550587635830205,
      "longitude": -46.63322473764645,
      "bateria": 84.33662162156962,
      "detalhes": "Km total: 89.00"
    },
    {
      "timestamp": "2025-03-15T19:04:39.602239125Z",
      "tipo": "movimento",
      "latitude": -23.550273410836553,
      "longitude": -46.63338423012669,
      "bateria": 50.278494025711844,
      "detalhes": "Km total: 89.50"
    },
    {
      "timestamp": "2025-03-15T19:04:44.607331447Z",
      "tipo": "movimento",
      "latitude": -23.550244817575116,
      "longitude": -46.633399474221505,
      "bateria": 34.37250922431551,
      "detalhes": "Km total: 90.00"
    },
    {
      "timestamp": "2025-03-15T19:04:49.615125594Z",
      "tipo": "movimento",
      "latitude": -23.55006339800729,
      "longitude": -46.63303074959629,
      "bateria": 12.216935723746808,
      "detalhes": "Km total: 90.50"
    },
    {
      "timestamp": "2025-03-15T19:04:49.618341348Z",
      "tipo": "alerta",
      "latitude": -23.55006339800729,
      "longitude": -46.63303074959629,
      "bateria": 12.216935723746808,
      "detalhes": "Bateria baixa, procurando posto"
    },
    {
      "timestamp": "2025-03-15T19:04:49.619593327Z",
      "tipo": "deslocamento",
      "latitude": -23.5505,
      "longitude": -46.6333,
      "bateria": 12.216935723746808,
      "detalhes": "Deslocamento para o posto P001"
    },
    {
      "timestamp": "2025-03-15T19:04:49.620088559Z",
      "tipo": "recarga",
      "latitude": -23.5505,
      "longitude": -46.6333,
      "bateria": 12.216935723746808,
      "detalhes": "Iniciando recarga no posto P001"
    },
    {
      "timestamp": "2025-03-15T19:04:54.631302763Z",
      "tipo": "recarga",
      "latitude": -23.5505,
      "longitude": -46.6333,
      "bateria": 12.216935723746808,
      "detalhes": "Carregamento concluído"
    },
    {
      "timestamp": "2025-03-15T19:04:54.632138474Z",
      "tipo": "liberação",
      "latitude": -23.5505,
      "longitude": -46.6333,
      "bateria": 100,
      "detalhes": "Vaga liberada no posto P001"
    },
    {
      "timestamp": "2025-03-15T19:04:59.637617449Z",
      "tipo": "movimento",
      "latitude": -23.550520069597724,
      "longitude": -46.63296496906148,
      "bateria": 61.41549490427723,
      "detalhes": "Km total: 91.00"
    },
    {
      "timestamp": "2025-03-15T19:05:04.645762936Z",
      "tipo": "movimento",
      "latitude": -23.5508542290042,
      "longitude": -46.63269747594283,
      "bateria": 21.25882392317243,
      "detalhes": "Km total: 91.50"
    },
    {
      "timestamp": "2025-03-15T19:05:04.648800328Z",
      "tipo": "alerta",
      "latitude": -23.5508542290042,
      "longitude": -46.63269747594283,
      "bateria": 21.25882392317243,
      "detalhes": "Bateria baixa, procurando posto"
    },
    {
      "timestamp": "2025-03-15T19:05:04.650063342Z",
      "tipo": "deslocamento",
      "latitude": -23.5505,
      "longitude": -46.6333,
      "bateria": 21.25882392317243,
      "detalhes": "Deslocamento para o posto P001"
    },
    {
      "timestamp": "2025-03-15T19:05:04.650526272Z",
      "tipo": "recarga",
      "latitude": -23.5505,
      "longitude": -46.6333,
      "bateria": 21.25882392317243,
      "detalhes": "Iniciando recarga no posto P001"
    },
    {
      "timestamp": "2025-03-15T19:05:09.663550842Z",
      "tipo": "recarga",
      "latitude": -23.5505,
      "longitude": -46.6333,
      "bateria": 21.25882392317243,
      "detalhes": "Carregamento concluído"
    },
    {
      "timestamp": "2025-03-15T19:05:09.664084837Z",
      "tipo": "liberação",
      "latitude": -23.5505,
      "longitude": -46.6333,
      "bateria": 100,
      "detalhes": "Vaga liberada no posto P001"
    },
    {
      "timestamp": "2025-03-15T19:05:14.669439986Z",
      "tipo": "movimento",
      "latitude": -23.550127314812727,
      "longitude": -46.633212801389384,
      "bateria": 64.25482924726134,
      "detalhes": "Km total: 92.00"
    },
    {
      "timestamp": "2025-03-15T19:05:19.677058717Z",
      "tipo": "movimento",
      "latitude": -23.55053462231716,
      "longitude": -46.63301795226842,
      "bateria": 33.81189974364587,
      "detalhes": "Km total: 92.50"
    },
    {
      "timestamp": "2025-03-15T19:05:24.683592805Z",
      "tipo": "movimento",
      "latitude": -23.550431934428147,
      "longitude": -46.63300814256152,
      "bateria": 0,
      "detalhes": "Km total: 93.00"
    },
    {
      "timestamp": "2025-03-15T19:05:24.686692437Z",
      "tipo": "alerta",
      "latitude": -23.550431934428147,
      "longitude": -46.63300814256152,
      "bateria": 0,
      "detalhes": "Bateria baixa, procurando posto"
    },
    {
      "timestamp": "2025-03-15T19:05:24.688061998Z",
      "tipo": "deslocamento",
      "latitude": -23.5505,
      "longitude": -46.6333,
      "bateria": 0,
      "detalhes": "Deslocamento para o posto P001"
    },
    {
      "timestamp": "2025-03-15T19:05:24.688646755Z",
      "tipo": "recarga",
      "latitude": -23.5505,
      "longitude": -46.6333,
      "bateria": 0,
      "detalhes": "Iniciando recarga no posto P001"
    },
    {
      "timestamp": "2025-03-15T19:05:34.701246661Z",
      "tipo": "recarga",
      "latitude": -23.5505,
      "longitude": -46.6333,
      "bateria": 0,
      "detalhes": "Carregamento concluído"
    },
    {
      "timestamp": "2025-03-15T19:05:34.701880745Z",
      "tipo": "liberação",
      "latitude": -23.5505,
      "longitude": -46.6333,
      "bateria": 100,
      "detalhes": "Vaga liberada no posto P001"
    },
    {
      "timestamp": "2025-03-15T19:05:39.709768723Z",
      "tipo": "movimento",
      "latitude": -23.550186748153568,
      "longitude": -46.63310976642628,
      "bateria": 73.63954326117684,
      "detalhes": "Km total: 93.50"
    },
    {
      "timestamp": "2025-03-15T19:05:44.714947443Z",
      "tipo": "movimento",
      "latitude": -23.550359150582505,
      "longitude": -46.63268159004848,
      "bateria": 29.68345898729514,
      "detalhes": "Km total: 94.00"
    },
    {
      "timestamp": "2025-03-15T19:05:44.717523258Z",
      "tipo": "alerta",
      "latitude": -23.550359150582505,
      "longitude": -46.63268159004848,
      "bateria": 29.68345898729514,
      "detalhes": "Bateria baixa, procurando posto"
    },
    {
      "timestamp": "2025-03-15T19:05:44.718906648Z",
      "tipo": "deslocamento",
      "latitude": -23.5505,
      "longitude": -46.6333,
      "bateria": 29.68345898729514,
      "detalhes": "Deslocamento para o posto P001"
    },
    {
      "timestamp": "2025-03-15T19:05:44.719509333Z",
      "tipo": "recarga",
      "latitude": -23.5505,
      "longitude": -46.6333,
      "bateria": 29.68345898729514,
      "detalhes": "Iniciando recarga no posto P001"
    },
    {
      "timestamp": "2025-03-15T19:05:49.732368195Z",
      "tipo": "recarga",
      "latitude": -23.5505,
      "longitude": -46.6333,
      "bateria": 29.68345898729514,
      "detalhes": "Carregamento concluído"
    },
    {
      "timestamp": "2025-03-15T19:05:49.732998188Z",
      "tipo": "liberação",
      "latitude": -23.5505,
      "longitude": -46.6333,
      "bateria": 100,
      "detalhes": "Vaga liberada no posto P001"
    }
  ]
}