{
  "veiculo": {
    "ID": "V001",
    "Latitude": -19.922879917837463,
    "Longitude": -43.945393644962806,
    "Bateria": 39.362881171137175,
    "IsCarregando": false
  },
  "ultima_recarga": "2025-03-15T19:05:40.19495817Z",
  "km_percorridos": 101,
  "historico": [
    {
      "timestamp": "2025-03-15T18:59:39.485429277Z",
      "tipo": "liberação",
      "latitude": -19.9227,
      "longitude": -43.9452,
      "bateria": 100,
      "detalhes": "Vaga liberada no posto P003"
    },
    {
      "timestamp": "2025-03-15T18:59:44.49107404Z",
      "tipo": "movimento",
      "latitude": -19.92255371918526,
      "longitude": -43.9448298548717,
      "bateria": 74.04640090545045,
      "detalhes": "Km total: 82.00"
    },
    {
      "timestamp": "2025-03-15T18:59:49.498740679Z",
      "tipo": "movimento",
      "latitude": -19.922556934108904,
      "longitude": -43.94446618254104,
      "bateria": 38.9006060669017,
      "detalhes": "Km total: 82.50"
    },
    {
      "timestamp": "2025-03-15T18:59:54.505009148Z",
      "tipo": "movimento",
      "latitude": -19.922248846484635,
      "longitude": -43.9441409077792,
      "bateria": 20.336784245514533,
      "detalhes": "Km total: 83.00"
    },
    {
      "timestamp": "2025-03-15T18:59:54.50834259Z",
      "tipo": "alerta",
      "latitude": -19.922248846484635,
      "longitude": -43.9441409077792,
      "bateria": 20.336784245514533,
      "detalhes": "Bateria baixa, procurando posto"
    },
    {
      "timestamp": "2025-03-15T18:59:54.509655739Z",
      "tipo": "deslocamento",
      "latitude": -19.9227,
      "longitude": -43.9452,
      "bateria": 20.336784245514533,
      "detalhes": "Deslocamento para o posto P003"
    },
    {
      "timestamp": "2025-03-15T18:59:54.510033526Z",
      "tipo": "recarga",
      "latitude": -19.9227,
      "longitude": -43.9452,
      "bateria": 20.336784245514533,
      "detalhes": "Iniciando recarga no posto P003"
    },
    {
      "timestamp": "2025-03-15T19:00:04.525263527Z",
      "tipo": "recarga",
      "latitude": -19.9227,
      "longitude": -43.9452,
      "bateria": 20.336784245514533,
      "detalhes": "Carregamento concluído"
    },
    {
      "timestamp": "2025-03-15T19:00:04.525834512Z",
      "tipo": "liberação",
      "latitude": -19.9227,
      "longitude": -43.9452,
      "bateria": 100,
      "detalhes": "Vaga liberada no posto P003"
    },
    {
      "timestamp": "2025-03-15T19:00:09.533326994Z",
      "tipo": "movimento",
      "latitude": -19.92267705621614,
      "longitude": -43.945049940790625,
      "bateria": 74.42394252842709,
      "detalhes": "Km total: 83.50"
    },
    {
      "timestamp": "2025-03-15T19:00:14.538443195Z",
      "tipo": "movimento",
      "latitude": -19.922246634902447,
      "longitude": -43.94464030062057,
      "bateria": 58.11508708300033,
      "detalhes": "Km total: 84.00"
    },
    {
      "timestamp": "2025-03-15T19:00:19.545804749Z",
      "tipo": "movimento",
      "latitude": -19.921840041994546,
      "longitude": -43.94479401547705,
      "bateria": 41.82497366759074,
      "detalhes": "Km total: 84.50"
    },
    {
      "timestamp": "2025-03-15T19:00:24.568044784Z",
      "tipo": "movimento",
      "latitude": -19.921897414636113,
      "longitude": -43.94481643964077,
      "bateria": 6.349319987662518,
      "detalhes": "Km total: 85.00"
    },
    {
      "timestamp": "2025-03-15T19:00:24.571054341Z",
      "tipo": "alerta",
      "latitude": -19.921897414636113,
      "longitude": -43.94481643964077,
      "bateria": 6.349319987662518,
      "detalhes": "Bateria baixa, procurando posto"
    },
    {
      "timestamp": "2025-03-15T19:00:24.572470254Z",
      "tipo": "deslocamento",
      "latitude": -19.9227,
      "longitude": -43.9452,
      "bateria": 6.349319987662518,
      "detalhes": "Deslocamento para o posto P003"
    },
    {
      "timestamp": "2025-03-15T19:00:24.572954778Z",
      "tipo": "recarga",
      "latitude": -19.9227,
      "longitude": -43.9452,
      "bateria": 6.349319987662518,
      "detalhes": "Iniciando recarga no posto P003"
    },
    {
      "timestamp": "2025-03-15T19:00:44.595301153Z",
      "tipo": "recarga",
      "latitude": -19.9227,
      "longitude": -43.9452,
      "bateria": 6.349319987662518,
      "detalhes": "Carregamento concluído"
    },
    {
      "timestamp": "2025-03-15T19:00:44.596224473Z",
      "tipo": "liberação",
      "latitude": -19.9227,
      "longitude": -43.9452,
      "bateria": 100,
      "detalhes": "Vaga liberada no posto P003"
    },
    {
      "timestamp": "2025-03-15T19:00:49.603416465Z",
      "tipo": "movimento",
      "latitude": -19.922877056336326,
      "longitude": -43.94562564831144,
      "bateria": 72.62918123365809,
      "detalhes": "Km total: 85.50"
    },
    {
      "timestamp": "2025-03-15T19:00:54.609207144Z",
      "tipo": "movimento",
      "latitude": -19.92247419478196,
      "longitude": -43.94598908615621,
      "bateria": 43.89493942061416,
      "detalhes": "Km total: 86.00"
    },
    {
      "timestamp": "2025-03-15T19:00:59.614658367Z",
      "tipo": "movimento",
      "latitude": -19.922216233172428,
      "longitude": -43.94579399637201,
      "bateria": 3.5417376444233426,
      "detalhes": "Km total: 86.50"
    },
    {
      "timestamp": "2025-03-15T19:00:59.617601028Z",
      "tipo": "alerta",
      "latitude": -19.922216233172428,
      "longitude": -43.94579399637201,
      "bateria": 3.5417376444233426,
      "detalhes": "Bateria baixa, procurando posto"
    },
    {
      "timestamp": "2025-03-15T19:00:59.618960672Z",
      "tipo": "deslocamento",
      "latitude": -19.9227,
      "longitude": -43.9452,
      "bateria": 3.5417376444233426,
      "detalhes": "Deslocamento para o posto P003"
    },
    {
      "timestamp": "2025-03-15T19:00:59.619332364Z",
      "tipo": "recarga",
      "latitude": -19.9227,
      "longitude": -43.9452,
      "bateria": 3.5417376444233426,
      "detalhes": "Iniciando recarga no posto P003"
    },
    {
      "timestamp": "2025-03-15T19:01:14.638408719Z",
      "tipo": "recarga",
      "latitude": -19.9227,
      "longitude": -43.9452,
      "bateria": 3.5417376444233426,
      "detalhes": "Carregamento concluído"
    },
    {
      "timestamp": "2025-03-15T19:01:14.639129258Z",
      "tipo": "liberação",
      "latitude": -19.9227,
      "longitude": -43.9452,
      "bateria": 100,
      "detalhes": "Vaga liberada no posto P003"
    },
    {
      "timestamp": "2025-03-15T19:01:19.646986491Z",
      "tipo": "movimento",
      "latitude": -19.923003511108266,
      "longitude": -43.94538432220754,
      "bateria": 65.65017748787211,
      "detalhes": "Km total: 87.00"
    },
    {
      "timestamp": "2025-03-15T19:01:24.653498026Z",
      "tipo": "movimento",
      "latitude": -19.92299415369288,
      "longitude": -43.94556038909784,
      "bateria": 27.653009525174326,
      "detalhes": "Km total: 87.50"
    },
    {
      "timestamp": "2025-03-15T19:01:24.656633606Z",
      "tipo": "alerta",
      "latitude": -19.92299415369288,
      "longitude": -43.94556038909784,
      "bateria": 27.653009525174326,
      "detalhes": "Bateria baixa, procurando posto"
    },
    {
      "timestamp": "2025-03-15T19:01:24.658062246Z",
      "tipo": "deslocamento",
      "latitude": -19.9227,
      "longitude": -43.9452,
      "bateria": 27.653009525174326,
      "detalhes": "Deslocamento para o posto P003"
    },
    {
      "timestamp": "2025-03-15T19:01:24.658551784Z",
      "tipo": "recarga",
      "latitude": -19.9227,
      "longitude": -43.9452,
      "bateria": 27.653009525174326,
      "detalhes": "Iniciando recarga no posto P003"
    },
    {
      "timestamp": "2025-03-15T19:01:49.685746827Z",
      "tipo": "recarga",
      "latitude": -19.9227,
      "longitude": -43.9452,
      "bateria": 27.653009525174326,
      "detalhes": "Carregamento concluído"
    },
    {
      "timestamp": "2025-03-15T19:01:49.68641682Z",
      "tipo": "liberação",
      "latitude": -19.9227,
      "longitude": -43.9452,
      "bateria": 100,
      "detalhes": "Vaga liberada no posto P003"
    },
    {
      "timestamp": "2025-03-15T19:01:54.689570116Z",
      "tipo": "movimento",
      "latitude": -19.92241526501828,
      "longitude": -43.944984405241335,
      "bateria": 65.40306849502566,
      "detalhes": "Km total: 88.00"
    },
    {
      "timestamp": "2025-03-15T19:01:59.695562082Z",
      "tipo": "movimento",
      "latitude": -19.922306461519465,
      "longitude": -43.94454655729855,
      "bateria": 49.54120931185925,
      "detalhes": "Km total: 88.50"
    },
    {
      "timestamp": "2025-03-15T19:02:04.703387109Z",
      "tipo": "movimento",
      "latitude": -19.921827357307052,
      "longitude": -43.94497387151885,
      "bateria": 14.19586652255309,
      "detalhes": "Km total: 89.00"
    },
    {
      "timestamp": "2025-03-15T19:02:04.706458724Z",
      "tipo": "alerta",
      "latitude": -19.921827357307052,
      "longitude": -43.94497387151885,
      "bateria": 14.19586652255309,
      "detalhes": "Bateria baixa, procurando posto"
    },
    {
      "timestamp": "2025-03-15T19:02:04.707701681Z",
      "tipo": "deslocamento",
      "latitude": -19.9227,
      "longitude": -43.9452,
      "bateria": 14.19586652255309,
      "detalhes": "Deslocamento para o posto P003"
    },
    {
      "timestamp": "2025-03-15T19:02:04.708136926Z",
      "tipo": "recarga",
      "latitude": -19.9227,
      "longitude": -43.9452,
      "bateria": 14.19586652255309,
      "detalhes": "Iniciando recarga no posto P003"
    },
    {
      "timestamp": "2025-03-15T19:02:09.720595291Z",
      "tipo": "recarga",
      "latitude": -19.9227,
      "longitude": -43.9452,
      "bateria": 14.19586652255309,
      "detalhes": "Carregamento concluído"
    },
    {
      "timestamp": "2025-03-15T19:02:09.721262931Z",
      "tipo": "liberação",
      "latitude": -19.9227,
      "longitude": -43.9452,
      "bateria": 100,
      "detalhes": "Vaga liberada no posto P003"
    },
    {
      "timestamp": "2025-03-15T19:02:14.726647848Z",
      "tipo": "movimento",
      "latitude": -19.922384400210387,
      "longitude": -43.94475040022878,
      "bateria": 67.03703245701053,
      "detalhes": "Km total: 89.50"
    },
    {
      "timestamp": "2025-03-15T19:02:19.734977589Z",
      "tipo": "movimento",
      "latitude": -19.92266096389444,
      "longitude": -43.9447919600262,
      "bateria": 38.259335721607144,
      "detalhes": "Km total: 90.00"
    },
    {
      "timestamp": "2025-03-15T19:02:24.740698029Z",
      "tipo": "movimento",
      "latitude": -19.922761784503116,
      "longitude": -43.9450327357514,
      "bateria": 14.615308206264842,
      "detalhes": "Km total: 90.50"
    },
    {
      "timestamp": "2025-03-15T19:02:24.743814127Z",
      "tipo": "alerta",
      "latitude": -19.922761784503116,
      "longitude": -43.9450327357514,
      "bateria": 14.615308206264842,
      "detalhes": "Bateria baixa, procurando posto"
    },
    {
      "timestamp": "2025-03-15T19:02:24.744998852Z",
      "tipo": "deslocamento",
      "latitude": -19.9227,
      "longitude": -43.9452,
      "bateria": 14.615308206264842,
      "detalhes": "Deslocamento para o posto P003"
    },
    {
      "timestamp": "2025-03-15T19:02:24.745400306Z",
      "tipo": "recarga",
      "latitude": -19.9227,
      "longitude": -43.9452,
      "bateria": 14.615308206264842,
      "detalhes": "Iniciando recarga no posto P003"
    },
    {
      "timestamp": "2025-03-15T19:02:49.770457032Z",
      "tipo": "recarga",
      "latitude": -19.9227,
      "longitude": -43.9452,
      "bateria": 14.615308206264842,
      "detalhes": "Carregamento concluído"
    },
    {
      "timestamp": "2025-03-15T19:02:49.771132259Z",
      "tipo": "liberação",
      "latitude": -19.9227,
      "longitude": -43.9452,
      "bateria": 100,
      "detalhes": "Vaga liberada no posto P003"
    },
    {
      "timestamp": "2025-03-15T19:02:54.777192985Z",
      "tipo": "movimento",
      "latitude": -19.922461850005575,
      "longitude": -43.94566791431308,
      "bateria": 84.81697245681323,
      "detalhes": "Km total: 91.00"
    },
    {
      "timestamp": "2025-03-15T19:02:59.782854819Z",
      "tipo": "movimento",
      "latitude": -19.922325203186663,
      "longitude": -43.94582494441706,
      "bateria": 57.37901759082561,
      "detalhes": "Km total: 91.50"
    },
    {
      "timestamp": "2025-03-15T19:03:04.790539445Z",
      "tipo": "movimento",
      "latitude": -19.9221140029673,
      "longitude": -43.9463155338955,
      "bateria": 22.65982748081975,
      "detalhes": "Km total: 92.00"
    },
    {
      "timestamp": "2025-03-15T19:03:04.793795962Z",
      "tipo": "alerta",
      "latitude": -19.9221140029673,
      "longitude": -43.9463155338955,
      "bateria": 22.65982748081975,
      "detalhes": "Bateria baixa, procurando posto"
    },
    {
      "timestamp": "2025-03-15T19:03:04.795504815Z",
      "tipo": "deslocamento",
      "latitude": -19.9227,
      "longitude": -43.9452,
      "bateria": 22.65982748081975,
      "detalhes": "Deslocamento para o posto P003"
    },
    {
      "timestamp": "2025-03-15T19:03:04.796226453Z",
      "tipo": "recarga",
      "latitude": -19.9227,
      "longitude": -43.9452,
      "bateria": 22.65982748081975,
      "detalhes": "Iniciando recarga no posto P003"
    },
    {
      "timestamp": "2025-03-15T19:03:09.80853144Z",
      "tipo": "recarga",
      "latitude": -19.9227,
      "longitude": -43.9452,
      "bateria": 22.65982748081975,
      "detalhes": "Carregamento concluído"
    },
    {
      "timestamp": "2025-03-15T19:03:09.809194677Z",
      "tipo": "liberação",
      "latitude": -19.9227,
      "longitude": -43.9452,
      "bateria": 100,
      "detalhes": "Vaga liberada no posto P003"
    },
    {
      "timestamp": "2025-03-15T19:03:14.814435088Z",
      "tipo": "movimento",
      "latitude": -19.92241383492302,
      "longitude": -43.94530905408906,
      "bateria": 69.19331084880382,
      "detalhes": "Km total: 92.50"
    },
    {
      "timestamp": "2025-03-15T19:03:19.821710621Z",
      "tipo": "movimento",
      "latitude": -19.92255691444505,
      "longitude": -43.945417282588885,
      "bateria": 40.39204216706339,
      "detalhes": "Km total: 93.00"
    },
    {
      "timestamp": "2025-03-15T19:03:24.828706545Z",
      "tipo": "movimento",
      "latitude": -19.9222703980828,
      "longitude": -43.94590784680377,
      "bateria": 23.982931816510437,
      "detalhes": "Km total: 93.50"
    },
    {
      "timestamp": "2025-03-15T19:03:24.832092351Z",
      "tipo": "alerta",
      "latitude": -19.9222703980828,
      "longitude": -43.94590784680377,
      "bateria": 23.982931816510437,
      "detalhes": "Bateria baixa, procurando posto"
    },
    {
      "timestamp": "2025-03-15T19:03:24.833378712Z",
      "tipo": "deslocamento",
      "latitude": -19.9227,
      "longitude": -43.9452,
      "bateria": 23.982931816510437,
      "detalhes": "Deslocamento para o posto P003"
    },
    {
      "timestamp": "2025-03-15T19:03:24.833873715Z",
      "tipo": "recarga",
      "latitude": -19.9227,
      "longitude": -43.9452,
      "bateria": 23.982931816510437,
      "detalhes": "Iniciando recarga no posto P003"
    },
    {
      "timestamp": "2025-03-15T19:04:09.947217768Z",
      "tipo": "recarga",
      "latitude": -19.9227,
      "longitude": -43.9452,
      "bateria": 23.982931816510437,
      "detalhes": "Carregamento concluído"
    },
    {
      "timestamp": "2025-03-15T19:04:09.947860688Z",
      "tipo": "liberação",
      "latitude": -19.9227,
      "longitude": -43.9452,
      "bateria": 100,
      "detalhes": "Vaga liberada no posto P003"
    },
    {
      "timestamp": "2025-03-15T19:04:14.954054475Z",
      "tipo": "movimento",
      "latitude": -19.92305765433825,
      "longitude": -43.94546398673558,
      "bateria": 63.0787127662535,
      "detalhes": "Km total: 94.00"
    },
    {
      "timestamp": "2025-03-15T19:04:19.965461208Z",
      "tipo": "movimento",
      "latitude": -19.92346791363943,
      "longitude": -43.9454680303483,
      "bateria": 40.452549714108684,
      "detalhes": "Km total: 94.50"
    },
    {
      "timestamp": "2025-03-15T19:04:24.97200458Z",
      "tipo": "movimento",
      "latitude": -19.92389732420247,
      "longitude": -43.94571632861256,
      "bateria": 22.848594340732248,
      "detalhes": "Km total: 95.00"
    },
    {
      "timestamp": "2025-03-15T19:04:24.97558278Z",
      "tipo": "alerta",
      "latitude": -19.92389732420247,
      "longitude": -43.94571632861256,
      "bateria": 22.848594340732248,
      "detalhes": "Bateria baixa, procurando posto"
    },
    {
      "timestamp": "2025-03-15T19:04:24.976987545Z",
      "tipo": "deslocamento",
      "latitude": -19.9227,
      "longitude": -43.9452,
      "bateria": 22.848594340732248,
      "detalhes": "Deslocamento para o posto P003"
    },
    {
      "timestamp": "2025-03-15T19:04:24.977457889Z",
      "tipo": "recarga",
      "latitude": -19.9227,
      "longitude": -43.9452,
      "bateria": 22.848594340732248,
      "detalhes": "Iniciando recarga no posto P003"
    },
    {
      "timestamp": "2025-03-15T19:04:29.988781339Z",
      "tipo": "recarga",
      "latitude": -19.9227,
      "longitude": -43.9452,
      "bateria": 22.848594340732248,
      "detalhes": "Carregamento concluído"
    },
    {
      "timestamp": "2025-03-15T19:04:29.989328594Z",
      "tipo": "liberação",
      "latitude": -19.9227,
      "longitude": -43.9452,
      "bateria": 100,
      "detalhes": "Vaga liberada no posto P003"
    },
    {
      "timestamp": "2025-03-15T19:04:34.997419216Z",
      "tipo": "movimento",
      "latitude": -19.922248694953762,
      "longitude": -43.94511786173302,
      "bateria": 59.77632131332903,
      "detalhes": "Km total: 95.50"
    },
    {
      "timestamp": "2025-03-15T19:04:40.085390356Z",
      "tipo": "movimento",
      "latitude": -19.922573036690512,
      "longitude": -43.94521892601309,
      "bateria": 35.37150533864845,
      "detalhes": "Km total: 96.00"
    },
    {
      "timestamp": "2025-03-15T19:04:45.092648577Z",
      "tipo": "movimento",
      "latitude": -19.923035233439272,
      "longitude": -43.9448611208723,
      "bateria": 4.575513440334152,
      "detalhes": "Km total: 96.50"
    },
    {
      "timestamp": "2025-03-15T19:04:45.097301935Z",
      "tipo": "alerta",
      "latitude": -19.923035233439272,
      "longitude": -43.9448611208723,
      "bateria": 4.575513440334152,
      "detalhes": "Bateria baixa, procurando posto"
    },
    {
      "timestamp": "2025-03-15T19:04:45.098981145Z",
      "tipo": "deslocamento",
      "latitude": -19.9227,
      "longitude": -43.9452,
      "bateria": 4.575513440334152,
      "detalhes": "Deslocamento para o posto P003"
    },
    {
      "timestamp": "2025-03-15T19:04:45.099713259Z",
      "tipo": "recarga",
      "latitude": -19.9227,
      "longitude": -43.9452,
      "bateria": 4.575513440334152,
      "detalhes": "Iniciando recarga no posto P003"
    },
    {
      "timestamp": "2025-03-15T19:04:55.113059474Z",
      "tipo": "recarga",
      "latitude": -19.9227,
      "longitude": -43.9452,
      "bateria": 4.575513440334152,
      "detalhes": "Carregamento concluído"
    },
    {
      "timestamp": "2025-03-15T19:04:55.113724793Z",
      "tipo": "liberação",
      "latitude": -19.9227,
      "longitude": -43.9452,
      "bateria": 100,
      "detalhes": "Vaga liberada no posto P003"
    },
    {
      "timestamp": "2025-03-15T19:05:00.120215921Z",
      "tipo": "movimento",
      "latitude": -19.922311278006184,
      "longitude": -43.94552145961673,
      "bateria": 79.81260467706988,
      "detalhes": "Km total: 97.00"
    },
    {
      "timestamp": "2025-03-15T19:05:05.128441545Z",
      "tipo": "movimento",
      "latitude": -19.922579515476855,
      "longitude": -43.94560974023318,
      "bateria": 51.21949575390272,
      "detalhes": "Km total: 97.50"
    },
    {
      "timestamp": "2025-03-15T19:05:10.136542377Z",
      "tipo": "movimento",
      "latitude": -19.922601687898492,
      "longitude": -43.94605424775054,
      "bateria": 20.32331425827377,
      "detalhes": "Km total: 98.00"
    },
    {
      "timestamp": "2025-03-15T19:05:10.140217781Z",
      "tipo": "alerta",
      "latitude": -19.922601687898492,
      "longitude": -43.94605424775054,
      "bateria": 20.32331425827377,
      "detalhes": "Bateria baixa, procurando posto"
    },
    {
      "timestamp": "2025-03-15T19:05:10.141637016Z",
      "tipo": "deslocamento",
      "latitude": -19.9227,
      "longitude": -43.9452,
      "bateria": 20.32331425827377,
      "detalhes": "Deslocamento para o posto P003"
    },
    {
      "timestamp": "2025-03-15T19:05:10.14220871Z",
      "tipo": "recarga",
      "latitude": -19.9227,
      "longitude": -43.9452,
      "bateria": 20.32331425827377,
      "detalhes": "Iniciando recarga no posto P003"
    },
    {
      "timestamp": "2025-03-15T19:05:15.151899108Z",
      "tipo": "recarga",
      "latitude": -19.9227,
      "longitude": -43.9452,
      "bateria": 20.32331425827377,
      "detalhes": "Carregamento concluído"
    },
    {
      "timestamp": "2025-03-15T19:05:15.152463848Z",
      "tipo": "liberação",
      "latitude": -19.9227,
      "longitude": -43.9452,
      "bateria": 100,
      "detalhes": "Vaga liberada no posto P003"
    },
    {
      "timestamp": "2025-03-15T19:05:20.157532856Z",
      "tipo": "movimento",
      "latitude": -19.9228611446447,
      "longitude": -43.94510903215661,
      "bateria": 77.73717831911299,
      "detalhes": "Km total: 98.50"
    },
    {
      "timestamp": "2025-03-15T19:05:25.162120522Z",
      "tipo": "movimento",
      "latitude": -19.923156038214533,
      "longitude": -43.94522124812987,
      "bateria": 55.14508382952525,
      "detalhes": "Km total: 99.00"
    },
    {
      "timestamp": "2025-03-15T19:05:30.166587651Z",
      "tipo": "movimento",
      "latitude": -19.92331295142839,
      "longitude": -43.94560872881734,
      "bateria": 35.6485901807698,
      "detalhes": "Km total: 99.50"
    },
    {
      "timestamp": "2025-03-15T19:05:35.174841464Z",
      "tipo": "movimento",
      "latitude": -19.923289632159722,
      "longitude": -43.945181393236474,
      "bateria": 17.164454498682453,
      "detalhes": "Km total: 100.00"
    },
    {
      "timestamp": "2025-03-15T19:05:35.178663078Z",
      "tipo": "alerta",
      "latitude": -19.923289632159722,
      "longitude": -43.945181393236474,
      "bateria": 17.164454498682453,
      "detalhes": "Bateria baixa, procurando posto"
    },
    {
      "timestamp": "2025-03-15T19:05:35.179832915Z",
      "tipo": "deslocamento",
      "latitude": -19.9227,
      "longitude": -43.9452,
      "bateria": 17.164454498682453,
      "detalhes": "Deslocamento para o posto P003"
    },
    {
      "timestamp": "2025-03-15T19:05:35.180333923Z",
      "tipo": "recarga",
      "latitude": -19.9227,
      "longitude": -43.9452,
      "bateria": 17.164454498682453,
      "detalhes": "Iniciando recarga no posto P003"
    },
    {
      "timestamp": "2025-03-15T19:05:40.194957589Z",
      "tipo": "recarga",
      "latitude": -19.9227,
      "longitude": -43.9452,
      "bateria": 17.164454498682453,
      "detalhes": "Carregamento concluído"
    },
    {
      "timestamp": "2025-03-15T19:05:40.195645945Z",
      "tipo": "liberação",
      "latitude": -19.9227,
      "longitude": -43.9452,
      "bateria": 100,
      "detalhes": "Vaga liberada no posto P003"
    },
    {
      "timestamp": "2025-03-15T19:05:45.201096915Z",
      "tipo": "movimento",
      "latitude": -19.92239476410994,
      "longitude": -43.94556298325175,
      "bateria": 70.57513292750889,
      "detalhes": "Km total: 100.50"
    },
    {
      "timestamp": "2025-03-15T19:05:50.209467966Z",
      "tipo": "movimento",
      "latitude": -19.922879917837463,
      "longitude": -43.945393644962806,
      "bateria": 39.362881171137175,
      "detalhes": "Km total: 101.00"
    }
  ]
}