{
  "postos": {
    "P001": {
      "ID": "P001",
      "Latitude": -23.5505,
      "Longitude": -46.6333,
      "Fila": [],
      "QtdFila": 0,
      "BombaOcupada": false
    },
    "P002": {
      "ID": "P002",
      "Latitude": -22.9068,
      "Longitude": -43.1729,
      "Fila": [],
      "QtdFila": 0,
      "BombaOcupada": true
    },
    "P003": {
      "ID": "P003",
      "Latitude": -19.9227,
      "Longitude": -43.9452,
      "Fila": [],
      "QtdFila": 0,
      "BombaOcupada": false
    }
  }
}