{
  "veiculo": {
    "ID": "V003",
    "Latitude": -22.9068,
    "Longitude": -43.1729,
    "Bateria": 16.6408542764067,
    "IsCarregando": true
  },
  "ultima_recarga": "2025-03-15T19:05:35.180464283Z",
  "km_percorridos": 97,
  "historico": [
    {
      "timestamp": "2025-03-15T19:00:39.350457269Z",
      "tipo": "movimento",
      "latitude": -22.90692342787005,
      "longitude": -43.17254985618209,
      "bateria": 36.50387948982199,
      "detalhes": "Km total: 79.00"
    },
    {
      "timestamp": "2025-03-15T19:00:44.355242277Z",
      "tipo": "movimento",
      "latitude": -22.907123219849087,
      "longitude": -43.172628128551416,
      "bateria": 17.322733371592673,
      "detalhes": "Km total: 79.50"
    },
    {
      "timestamp": "2025-03-15T19:00:44.358527862Z",
      "tipo": "alerta",
      "latitude": -22.907123219849087,
      "longitude": -43.172628128551416,
      "bateria": 17.322733371592673,
      "detalhes": "Bateria baixa, procurando posto"
    },
    {
      "timestamp": "2025-03-15T19:00:44.359924628Z",
      "tipo": "deslocamento",
      "latitude": -22.9068,
      "longitude": -43.1729,
      "bateria": 17.322733371592673,
      "detalhes": "Deslocamento para o posto P002"
    },
    {
      "timestamp": "2025-03-15T19:00:44.36055122Z",
      "tipo": "recarga",
      "latitude": -22.9068,
      "longitude": -43.1729,
      "bateria": 17.322733371592673,
      "detalhes": "Iniciando recarga no posto P002"
    },
    {
      "timestamp": "2025-03-15T19:00:49.37384129Z",
      "tipo": "recarga",
      "latitude": -22.9068,
      "longitude": -43.1729,
      "bateria": 17.322733371592673,
      "detalhes": "Carregamento concluído"
    },
    {
      "timestamp": "2025-03-15T19:00:49.374415552Z",
      "tipo": "liberação",
      "latitude": -22.9068,
      "longitude": -43.1729,
      "bateria": 100,
      "detalhes": "Vaga liberada no posto P002"
    },
    {
      "timestamp": "2025-03-15T19:00:54.380417721Z",
      "tipo": "movimento",
      "latitude": -22.90692904836908,
      "longitude": -43.17269134401378,
      "bateria": 74.89467826151426,
      "detalhes": "Km total: 80.00"
    },
    {
      "timestamp": "2025-03-15T19:00:59.385689179Z",
      "tipo": "movimento",
      "latitude": -22.907135377130178,
      "longitude": -43.17227876623563,
      "bateria": 38.99058403054375,
      "detalhes": "Km total: 80.50"
    },
    {
      "timestamp": "2025-03-15T19:01:04.393508789Z",
      "tipo": "movimento",
      "latitude": -22.906965981075416,
      "longitude": -43.17180752570241,
      "bateria": 22.818502815018,
      "detalhes": "Km total: 81.00"
    },
    {
      "timestamp": "2025-03-15T19:01:04.397525776Z",
      "tipo": "alerta",
      "latitude": -22.906965981075416,
      "longitude": -43.17180752570241,
      "bateria": 22.818502815018,
      "detalhes": "Bateria baixa, procurando posto"
    },
    {
      "timestamp": "2025-03-15T19:01:04.398811484Z",
      "tipo": "deslocamento",
      "latitude": -22.9068,
      "longitude": -43.1729,
      "bateria": 22.818502815018,
      "detalhes": "Deslocamento para o posto P002"
    },
    {
      "timestamp": "2025-03-15T19:01:04.399286751Z",
      "tipo": "recarga",
      "latitude": -22.9068,
      "longitude": -43.1729,
      "bateria": 22.818502815018,
      "detalhes": "Iniciando recarga no posto P002"
    },
    {
      "timestamp": "2025-03-15T19:01:49.434277996Z",
      "tipo": "recarga",
      "latitude": -22.9068,
      "longitude": -43.1729,
      "bateria": 22.818502815018,
      "detalhes": "Carregamento concluído"
    },
    {
      "timestamp": "2025-03-15T19:01:49.434884873Z",
      "tipo": "liberação",
      "latitude": -22.9068,
      "longitude": -43.1729,
      "bateria": 100,
      "detalhes": "Vaga liberada no posto P002"
    },
    {
      "timestamp": "2025-03-15T19:01:54.441303503Z",
      "tipo": "movimento",
      "latitude": -22.906522084861933,
      "longitude": -43.17321877214344,
      "bateria": 80.62011418948288,
      "detalhes": "Km total: 81.50"
    },
    {
      "timestamp": "2025-03-15T19:01:59.446763631Z",
      "tipo": "movimento",
      "latitude": -22.90637894338323,
      "longitude": -43.17276112722441,
      "bateria": 54.723187594965076,
      "detalhes": "Km total: 82.00"
    },
    {
      "timestamp": "2025-03-15T19:02:04.454280936Z",
      "tipo": "movimento",
      "latitude": -22.906129147989617,
      "longitude": -43.17277557448883,
      "bateria": 32.145018394549055,
      "detalhes": "Km total: 82.50"
    },
    {
      "timestamp": "2025-03-15T19:02:09.461917404Z",
      "tipo": "movimento",
      "latitude": -22.90661369860967,
      "longitude": -43.17293919874293,
      "bateria": 0,
      "detalhes": "Km total: 83.00"
    },
    {
      "timestamp": "2025-03-15T19:02:09.465611382Z",
      "tipo": "alerta",
      "latitude": -22.90661369860967,
      "longitude": -43.17293919874293,
      "bateria": 0,
      "detalhes": "Bateria baixa, procurando posto"
    },
    {
      "timestamp": "2025-03-15T19:02:09.46698443Z",
      "tipo": "deslocamento",
      "latitude": -22.9068,
      "longitude": -43.1729,
      "bateria": 0,
      "detalhes": "Deslocamento para o posto P002"
    },
    {
      "timestamp": "2025-03-15T19:02:09.467508976Z",
      "tipo": "recarga",
      "latitude": -22.9068,
      "longitude": -43.1729,
      "bateria": 0,
      "detalhes": "Iniciando recarga no posto P002"
    },
    {
      "timestamp": "2025-03-15T19:02:19.482137753Z",
      "tipo": "recarga",
      "latitude": -22.9068,
      "longitude": -43.1729,
      "bateria": 0,
      "detalhes": "Carregamento concluído"
    },
    {
      "timestamp": "2025-03-15T19:02:19.48277784Z",
      "tipo": "liberação",
      "latitude": -22.9068,
      "longitude": -43.1729,
      "bateria": 100,
      "detalhes": "Vaga liberada no posto P002"
    },
    {
      "timestamp": "2025-03-15T19:02:24.488381336Z",
      "tipo": "movimento",
      "latitude": -22.906544588284724,
      "longitude": -43.17327079817251,
      "bateria": 73.9138149760065,
      "detalhes": "Km total: 83.50"
    },
    {
      "timestamp": "2025-03-15T19:02:29.492998589Z",
      "tipo": "movimento",
      "latitude": -22.907017992293863,
      "longitude": -43.173596407572894,
      "bateria": 42.06713801623579,
      "detalhes": "Km total: 84.00"
    },
    {
      "timestamp": "2025-03-15T19:02:34.500686448Z",
      "tipo": "movimento",
      "latitude": -22.907377268516207,
      "longitude": -43.173781153762825,
      "bateria": 1.7339164204488995,
      "detalhes": "Km total: 84.50"
    },
    {
      "timestamp": "2025-03-15T19:02:34.503829696Z",
      "tipo": "alerta",
      "latitude": -22.907377268516207,
      "longitude": -43.173781153762825,
      "bateria": 1.7339164204488995,
      "detalhes": "Bateria baixa, procurando posto"
    },
    {
      "timestamp": "2025-03-15T19:02:34.505435131Z",
      "tipo": "deslocamento",
      "latitude": -22.9068,
      "longitude": -43.1729,
      "bateria": 1.7339164204488995,
      "detalhes": "Deslocamento para o posto P002"
    },
    {
      "timestamp": "2025-03-15T19:02:34.50604337Z",
      "tipo": "recarga",
      "latitude": -22.9068,
      "longitude": -43.1729,
      "bateria": 1.7339164204488995,
      "detalhes": "Iniciando recarga no posto P002"
    },
    {
      "timestamp": "2025-03-15T19:02:39.518779666Z",
      "tipo": "recarga",
      "latitude": -22.9068,
      "longitude": -43.1729,
      "bateria": 1.7339164204488995,
      "detalhes": "Carregamento concluído"
    },
    {
      "timestamp": "2025-03-15T19:02:39.519335856Z",
      "tipo": "liberação",
      "latitude": -22.9068,
      "longitude": -43.1729,
      "bateria": 100,
      "detalhes": "Vaga liberada no posto P002"
    },
    {
      "timestamp": "2025-03-15T19:02:44.524914755Z",
      "tipo": "movimento",
      "latitude": -22.90683119960627,
      "longitude": -43.17278904657887,
      "bateria": 71.19510405105419,
      "detalhes": "Km total: 85.00"
    },
    {
      "timestamp": "2025-03-15T19:02:49.532904116Z",
      "tipo": "movimento",
      "latitude": -22.906603515310024,
      "longitude": -43.17270190060818,
      "bateria": 36.41587783157881,
      "detalhes": "Km total: 85.50"
    },
    {
      "timestamp": "2025-03-15T19:02:54.539191587Z",
      "tipo": "movimento",
      "latitude": -22.906845554742286,
      "longitude": -43.17293848908957,
      "bateria": 14.996835582748627,
      "detalhes": "Km total: 86.00"
    },
    {
      "timestamp": "2025-03-15T19:02:54.542624023Z",
      "tipo": "alerta",
      "latitude": -22.906845554742286,
      "longitude": -43.17293848908957,
      "bateria": 14.996835582748627,
      "detalhes": "Bateria baixa, procurando posto"
    },
    {
      "timestamp": "2025-03-15T19:02:54.544375597Z",
      "tipo": "deslocamento",
      "latitude": -22.9068,
      "longitude": -43.1729,
      "bateria": 14.996835582748627,
      "detalhes": "Deslocamento para o posto P002"
    },
    {
      "timestamp": "2025-03-15T19:02:54.544869679Z",
      "tipo": "recarga",
      "latitude": -22.9068,
      "longitude": -43.1729,
      "bateria": 14.996835582748627,
      "detalhes": "Iniciando recarga no posto P002"
    },
    {
      "timestamp": "2025-03-15T19:03:04.620801278Z",
      "tipo": "recarga",
      "latitude": -22.9068,
      "longitude": -43.1729,
      "bateria": 14.996835582748627,
      "detalhes": "Carregamento concluído"
    },
    {
      "timestamp": "2025-03-15T19:03:04.621348835Z",
      "tipo": "liberação",
      "latitude": -22.9068,
      "longitude": -43.1729,
      "bateria": 100,
      "detalhes": "Vaga liberada no posto P002"
    },
    {
      "timestamp": "2025-03-15T19:03:09.628560715Z",
      "tipo": "movimento",
      "latitude": -22.907101390451356,
      "longitude": -43.17308433669359,
      "bateria": 66.8726698312816,
      "detalhes": "Km total: 86.50"
    },
    {
      "timestamp": "2025-03-15T19:03:14.633798043Z",
      "tipo": "movimento",
      "latitude": -22.906944253502303,
      "longitude": -43.17331597281415,
      "bateria": 36.95662186839383,
      "detalhes": "Km total: 87.00"
    },
    {
      "timestamp": "2025-03-15T19:03:19.6416329Z",
      "tipo": "movimento",
      "latitude": -22.90665477792348,
      "longitude": -43.17345654653887,
      "bateria": 8.502083086572878,
      "detalhes": "Km total: 87.50"
    },
    {
      "timestamp": "2025-03-15T19:03:19.645265314Z",
      "tipo": "alerta",
      "latitude": -22.90665477792348,
      "longitude": -43.17345654653887,
      "bateria": 8.502083086572878,
      "detalhes": "Bateria baixa, procurando posto"
    },
    {
      "timestamp": "2025-03-15T19:03:19.646953561Z",
      "tipo": "deslocamento",
      "latitude": -22.9068,
      "longitude": -43.1729,
      "bateria": 8.502083086572878,
      "detalhes": "Deslocamento para o posto P002"
    },
    {
      "timestamp": "2025-03-15T19:03:19.647509676Z",
      "tipo": "recarga",
      "latitude": -22.9068,
      "longitude": -43.1729,
      "bateria": 8.502083086572878,
      "detalhes": "Iniciando recarga no posto P002"
    },
    {
      "timestamp": "2025-03-15T19:03:24.655504201Z",
      "tipo": "recarga",
      "latitude": -22.9068,
      "longitude": -43.1729,
      "bateria": 8.502083086572878,
      "detalhes": "Carregamento concluído"
    },
    {
      "timestamp": "2025-03-15T19:03:24.656072593Z",
      "tipo": "liberação",
      "latitude": -22.9068,
      "longitude": -43.1729,
      "bateria": 100,
      "detalhes": "Vaga liberada no posto P002"
    },
    {
      "timestamp": "2025-03-15T19:03:29.662431805Z",
      "tipo": "movimento",
      "latitude": -22.90725353988932,
      "longitude": -43.17319329549398,
      "bateria": 56.57637128010675,
      "detalhes": "Km total: 88.00"
    },
    {
      "timestamp": "2025-03-15T19:03:34.670015498Z",
      "tipo": "movimento",
      "latitude": -22.907377918732028,
      "longitude": -43.173492228486005,
      "bateria": 35.5423009300504,
      "detalhes": "Km total: 88.50"
    },
    {
      "timestamp": "2025-03-15T19:03:39.677581147Z",
      "tipo": "movimento",
      "latitude": -22.907522014911255,
      "longitude": -43.17347401495656,
      "bateria": 6.135122316838441,
      "detalhes": "Km total: 89.00"
    },
    {
      "timestamp": "2025-03-15T19:03:39.680930286Z",
      "tipo": "alerta",
      "latitude": -22.907522014911255,
      "longitude": -43.17347401495656,
      "bateria": 6.135122316838441,
      "detalhes": "Bateria baixa, procurando posto"
    },
    {
      "timestamp": "2025-03-15T19:03:39.682433746Z",
      "tipo": "deslocamento",
      "latitude": -22.9068,
      "longitude": -43.1729,
      "bateria": 6.135122316838441,
      "detalhes": "Deslocamento para o posto P002"
    },
    {
      "timestamp": "2025-03-15T19:03:39.683068219Z",
      "tipo": "recarga",
      "latitude": -22.9068,
      "longitude": -43.1729,
      "bateria": 6.135122316838441,
      "detalhes": "Iniciando recarga no posto P002"
    },
    {
      "timestamp": "2025-03-15T19:03:44.695280996Z",
      "tipo": "recarga",
      "latitude": -22.9068,
      "longitude": -43.1729,
      "bateria": 6.135122316838441,
      "detalhes": "Carregamento concluído"
    },
    {
      "timestamp": "2025-03-15T19:03:44.695960043Z",
      "tipo": "liberação",
      "latitude": -22.9068,
      "longitude": -43.1729,
      "bateria": 100,
      "detalhes": "Vaga liberada no posto P002"
    },
    {
      "timestamp": "2025-03-15T19:03:49.703887369Z",
      "tipo": "movimento",
      "latitude": -22.906490680319525,
      "longitude": -43.17297252351592,
      "bateria": 73.63478819247112,
      "detalhes": "Km total: 89.50"
    },
    {
      "timestamp": "2025-03-15T19:03:54.709923221Z",
      "tipo": "movimento",
      "latitude": -22.906924191449214,
      "longitude": -43.172472623128456,
      "bateria": 45.29146924360159,
      "detalhes": "Km total: 90.00"
    },
    {
      "timestamp": "2025-03-15T19:03:59.715229068Z",
      "tipo": "movimento",
      "latitude": -22.90676965379015,
      "longitude": -43.17267093459803,
      "bateria": 18.55512123520902,
      "detalhes": "Km total: 90.50"
    },
    {
      "timestamp": "2025-03-15T19:03:59.718552638Z",
      "tipo": "alerta",
      "latitude": -22.90676965379015,
      "longitude": -43.17267093459803,
      "bateria": 18.55512123520902,
      "detalhes": "Bateria baixa, procurando posto"
    },
    {
      "timestamp": "2025-03-15T19:03:59.719989331Z",
      "tipo": "deslocamento",
      "latitude": -22.9068,
      "longitude": -43.1729,
      "bateria": 18.55512123520902,
      "detalhes": "Deslocamento para o posto P002"
    },
    {
      "timestamp": "2025-03-15T19:03:59.720437129Z",
      "tipo": "recarga",
      "latitude": -22.9068,
      "longitude": -43.1729,
      "bateria": 18.55512123520902,
      "detalhes": "Iniciando recarga no posto P002"
    },
    {
      "timestamp": "2025-03-15T19:04:04.734178956Z",
      "tipo": "recarga",
      "latitude": -22.9068,
      "longitude": -43.1729,
      "bateria": 18.55512123520902,
      "detalhes": "Carregamento concluído"
    },
    {
      "timestamp": "2025-03-15T19:04:04.734724413Z",
      "tipo": "liberação",
      "latitude": -22.9068,
      "longitude": -43.1729,
      "bateria": 100,
      "detalhes": "Vaga liberada no posto P002"
    },
    {
      "timestamp": "2025-03-15T19:04:09.742149572Z",
      "tipo": "movimento",
      "latitude": -22.90674116630123,
      "longitude": -43.17330275703337,
      "bateria": 61.51992824942007,
      "detalhes": "Km total: 91.00"
    },
    {
      "timestamp": "2025-03-15T19:04:14.747491377Z",
      "tipo": "movimento",
      "latitude": -22.906950870090583,
      "longitude": -43.173779039778154,
      "bateria": 27.09657290845204,
      "detalhes": "Km total: 91.50"
    },
    {
      "timestamp": "2025-03-15T19:04:14.750352225Z",
      "tipo": "alerta",
      "latitude": -22.906950870090583,
      "longitude": -43.173779039778154,
      "bateria": 27.09657290845204,
      "detalhes": "Bateria baixa, procurando posto"
    },
    {
      "timestamp": "2025-03-15T19:04:14.751805202Z",
      "tipo": "deslocamento",
      "latitude": -22.9068,
      "longitude": -43.1729,
      "bateria": 27.09657290845204,
      "detalhes": "Deslocamento para o posto P002"
    },
    {
      "timestamp": "2025-03-15T19:04:14.752312887Z",
      "tipo": "recarga",
      "latitude": -22.9068,
      "longitude": -43.1729,
      "bateria": 27.09657290845204,
      "detalhes": "Iniciando recarga no posto P002"
    },
    {
      "timestamp": "2025-03-15T19:04:19.766238708Z",
      "tipo": "recarga",
      "latitude": -22.9068,
      "longitude": -43.1729,
      "bateria": 27.09657290845204,
      "detalhes": "Carregamento concluído"
    },
    {
      "timestamp": "2025-03-15T19:04:19.766958716Z",
      "tipo": "liberação",
      "latitude": -22.9068,
      "longitude": -43.1729,
      "bateria": 100,
      "detalhes": "Vaga liberada no posto P002"
    },
    {
      "timestamp": "2025-03-15T19:04:24.773774528Z",
      "tipo": "movimento",
      "latitude": -22.906768312503626,
      "longitude": -43.17334849365255,
      "bateria": 61.86830322021495,
      "detalhes": "Km total: 92.00"
    },
    {
      "timestamp": "2025-03-15T19:04:29.779048563Z",
      "tipo": "movimento",
      "latitude": -22.90698193666335,
      "longitude": -43.17325645931043,
      "bateria": 30.445479953626602,
      "detalhes": "Km total: 92.50"
    },
    {
      "timestamp": "2025-03-15T19:04:34.786766265Z",
      "tipo": "movimento",
      "latitude": -22.90703032744817,
      "longitude": -43.17285880391834,
      "bateria": 0,
      "detalhes": "Km total: 93.00"
    },
    {
      "timestamp": "2025-03-15T19:04:35.085054679Z",
      "tipo": "alerta",
      "latitude": -22.90703032744817,
      "longitude": -43.17285880391834,
      "bateria": 0,
      "detalhes": "Bateria baixa, procurando posto"
    },
    {
      "timestamp": "2025-03-15T19:04:35.086752664Z",
      "tipo": "deslocamento",
      "latitude": -22.9068,
      "longitude": -43.1729,
      "bateria": 0,
      "detalhes": "Deslocamento para o posto P002"
    },
    {
      "timestamp": "2025-03-15T19:04:35.087793697Z",
      "tipo": "recarga",
      "latitude": -22.9068,
      "longitude": -43.1729,
      "bateria": 0,
      "detalhes": "Iniciando recarga no posto P002"
    },
    {
      "timestamp": "2025-03-15T19:04:40.102519598Z",
      "tipo": "recarga",
      "latitude": -22.9068,
      "longitude": -43.1729,
      "bateria": 0,
      "detalhes": "Carregamento concluído"
    },
    {
      "timestamp": "2025-03-15T19:04:40.103360668Z",
      "tipo": "liberação",
      "latitude": -22.9068,
      "longitude": -43.1729,
      "bateria": 100,
      "detalhes": "Vaga liberada no posto P002"
    },
    {
      "timestamp": "2025-03-15T19:04:45.110382691Z",
      "tipo": "movimento",
      "latitude": -22.90686104231049,
      "longitude": -43.17267665512218,
      "bateria": 55.699548941058566,
      "detalhes": "Km total: 93.50"
    },
    {
      "timestamp": "2025-03-15T19:04:50.118602422Z",
      "tipo": "movimento",
      "latitude": -22.90669095500171,
      "longitude": -43.1727783620817,
      "bateria": 32.19654926713406,
      "detalhes": "Km total: 94.00"
    },
    {
      "timestamp": "2025-03-15T19:04:55.12302115Z",
      "tipo": "movimento",
      "latitude": -22.90707305987938,
      "longitude": -43.17317668619906,
      "bateria": 0,
      "detalhes": "Km total: 94.50"
    },
    {
      "timestamp": "2025-03-15T19:04:55.12600052Z",
      "tipo": "alerta",
      "latitude": -22.90707305987938,
      "longitude": -43.17317668619906,
      "bateria": 0,
      "detalhes": "Bateria baixa, procurando posto"
    },
    {
      "timestamp": "2025-03-15T19:04:55.127721563Z",
      "tipo": "deslocamento",
      "latitude": -22.9068,
      "longitude": -43.1729,
      "bateria": 0,
      "detalhes": "Deslocamento para o posto P002"
    },
    {
      "timestamp": "2025-03-15T19:04:55.128602048Z",
      "tipo": "recarga",
      "latitude": -22.9068,
      "longitude": -43.1729,
      "bateria": 0,
      "detalhes": "Iniciando recarga no posto P002"
    },
    {
      "timestamp": "2025-03-15T19:05:15.151883077Z",
      "tipo": "recarga",
      "latitude": -22.9068,
      "longitude": -43.1729,
      "bateria": 0,
      "detalhes": "Carregamento concluído"
    },
    {
      "timestamp": "2025-03-15T19:05:15.152500226Z",
      "tipo": "liberação",
      "latitude": -22.9068,
      "longitude": -43.1729,
      "bateria": 100,
      "detalhes": "Vaga liberada no posto P002"
    },
    {
      "timestamp": "2025-03-15T19:05:20.156901647Z",
      "tipo": "movimento",
      "latitude": -22.906898563034225,
      "longitude": -43.1726451686787,
      "bateria": 57.473307199100184,
      "detalhes": "Km total: 95.00"
    },
    {
      "timestamp": "2025-03-15T19:05:25.15902518Z",
      "tipo": "movimento",
      "latitude": -22.90725414878721,
      "longitude": -43.17295442927601,
      "bateria": 33.61184903829697,
      "detalhes": "Km total: 95.50"
    },
    {
      "timestamp": "2025-03-15T19:05:30.163559024Z",
      "tipo": "movimento",
      "latitude": -22.907526230765896,
      "longitude": -43.17332399188131,
      "bateria": 2.169966186880899,
      "detalhes": "Km total: 96.00"
    },
    {
      "timestamp": "2025-03-15T19:05:30.166868989Z",
      "tipo": "alerta",
      "latitude": -22.907526230765896,
      "longitude": -43.17332399188131,
      "bateria": 2.169966186880899,
      "detalhes": "Bateria baixa, procurando posto"
    },
    {
      "timestamp": "2025-03-15T19:05:30.168598379Z",
      "tipo": "deslocamento",
      "latitude": -22.9068,
      "longitude": -43.1729,
      "bateria": 2.169966186880899,
      "detalhes": "Deslocamento para o posto P002"
    },
    {
      "timestamp": "2025-03-15T19:05:30.169101131Z",
      "tipo": "recarga",
      "latitude": -22.9068,
      "longitude": -43.1729,
      "bateria": 2.169966186880899,
      "detalhes": "Iniciando recarga no posto P002"
    },
    {
      "timestamp": "2025-03-15T19:05:35.180463752Z",
      "tipo": "recarga",
      "latitude": -22.9068,
      "longitude": -43.1729,
      "bateria": 2.169966186880899,
      "detalhes": "Carregamento concluído"
    },
    {
      "timestamp": "2025-03-15T19:05:35.183760672Z",
      "tipo": "liberação",
      "latitude": -22.9068,
      "longitude": -43.1729,
      "bateria": 100,
      "detalhes": "Vaga liberada no posto P002"
    },
    {
      "timestamp": "2025-03-15T19:05:40.190987988Z",
      "tipo": "movimento",
      "latitude": -22.906545802166573,
      "longitude": -43.17277446231762,
      "bateria": 57.689231767595665,
      "detalhes": "Km total: 96.50"
    },
    {
      "timestamp": "2025-03-15T19:05:45.197312272Z",
      "tipo": "movimento",
      "latitude": -22.906970955975563,
      "longitude": -43.17227602869632,
      "bateria": 16.6408542764067,
      "detalhes": "Km total: 97.00"
    },
    {
      "timestamp": "2025-03-15T19:05:45.200607169Z",
      "tipo": "alerta",
      "latitude": -22.906970955975563,
      "longitude": -43.17227602869632,
      "bateria": 16.6408542764067,
      "detalhes": "Bateria baixa, procurando posto"
    },
    {
      "timestamp": "2025-03-15T19:05:45.202291459Z",
      "tipo": "deslocamento",
      "latitude": -22.9068,
      "longitude": -43.1729,
      "bateria": 16.6408542764067,
      "detalhes": "Deslocamento para o posto P002"
    },
    {
      "timestamp": "2025-03-15T19:05:45.202876442Z",
      "tipo": "recarga",
      "latitude": -22.9068,
      "longitude": -43.1729,
      "bateria": 16.6408542764067,
      "detalhes": "Iniciando recarga no posto P002"
    }
  ]
}