[
    {
        "ID": "arthur",
        "Latitude": 50,
        "Longitude": 50,
        "Bateria": 100,
        "IsCarregando": false,
        "IsDeslocandoAoPosto": false,
        "Pagamentos": null
    },
    {
        "ID": "testeArthur",
        "Latitude": 90,
        "Longitude": 90,
        "Bateria": 100,
        "IsCarregando": false,
        "IsDeslocandoAoPosto": false,
        "Pagamentos": [
            {
                "id_veiculo": "testeArthur",
                "valor": 18.8469654626822,
                "id_posto": "new"
            }
        ]
    },
    {
        "ID": "",
        "Latitude": 0,
        "Longitude": 1,
        "Bateria": 100,
        "IsCarregando": false,
        "IsDeslocandoAoPosto": false,
        "Pagamentos": null
    },
    {
        "ID": "agsdhjasd",
        "Latitude": 20,
        "Longitude": 20,
        "Bateria": 100,
        "IsCarregando": false,
        "IsDeslocandoAoPosto": false,
        "Pagamentos": [
            {
                "id_veiculo": "agsdhjasd",
                "valor": 9.073497668935062,
                "id_posto": "new"
            },
            {
                "id_veiculo": "agsdhjasd",
                "valor": 27.334447448796556,
                "id_posto": "new"
            }
        ]
    },
    {
        "ID": "testVeiculo1",
        "Latitude": 200,
        "Longitude": 200,
        "Bateria": 100,
        "IsCarregando": false,
        "IsDeslocandoAoPosto": false,
        "Pagamentos": null
    },
    {
        "ID": "testePcDireita",
        "Latitude": 800,
        "Longitude": 800,
        "Bateria": 100,
        "IsCarregando": false,
        "IsDeslocandoAoPosto": false,
        "Pagamentos": [
            {
                "id_veiculo": "testePcDireita",
                "valor": 45,
                "id_posto": "teste"
            }
        ]
    },
    {
        "ID": "testePcEsquerda",
        "Latitude": 5000,
        "Longitude": 5000,
        "Bateria": 100,
        "IsCarregando": false,
        "IsDeslocandoAoPosto": false,
        "Pagamentos": [
            {
                "id_veiculo": "testePcEsquerda",
                "valor": 45,
                "id_posto": "teste"
            }
        ]
    },
    {
        "ID": "asgdhjas",
        "Latitude": 20,
        "Longitude": 20,
        "Bateria": 100,
        "IsCarregando": false,
        "IsDeslocandoAoPosto": false,
        "Pagamentos": [
            {
                "id_veiculo": "asgdhjas",
                "valor": 7.5288589947917615,
                "id_posto": "new"
            },
            {
                "id_veiculo": "asgdhjas",
                "valor": 28.780798366601235,
                "id_posto": "new"
            }
        ]
    },
    {
        "ID": "testeVeiculo2",
        "Latitude": 50,
        "Longitude": 50,
        "Bateria": 100,
        "IsCarregando": false,
        "IsDeslocandoAoPosto": false,
        "Pagamentos": null
    },
    {
        "ID": "testeVeiculo3",
        "Latitude": 100,
        "Longitude": 100,
        "Bateria": 100,
        "IsCarregando": false,
        "IsDeslocandoAoPosto": false,
        "Pagamentos": null
    },
    {
        "ID": "novo",
        "Latitude": 0,
        "Longitude": 0,
        "Bateria": 100,
        "IsCarregando": false,
        "IsDeslocandoAoPosto": false,
        "Pagamentos": [
            {
                "id_veiculo": "novo",
                "valor": 3.6712185543278864,
                "id_posto": "guilhermeTeste"
            }
        ]
    },
    {
        "ID": "guilhermeTeste",
        "Latitude": 10,
        "Longitude": 10,
        "Bateria": 100,
        "IsCarregando": false,
        "IsDeslocandoAoPosto": false,
        "Pagamentos": [
            {
                "id_veiculo": "guilhermeTeste",
                "valor": 0,
                "id_posto": "guilhermeTeste"
            },
            {
                "id_veiculo": "guilhermeTeste",
                "valor": 0,
                "id_posto": "guilhermeTeste"
            },
            {
                "id_veiculo": "guilhermeTeste",
                "valor": 21.54925992913717,
                "id_posto": "guilhermeTeste"
            },
            {
                "id_veiculo": "guilhermeTeste",
                "valor": 5.724249100416529,
                "id_posto": "guilhermeTeste"
            },
            {
                "id_veiculo": "guilhermeTeste",
                "valor": 15.311285923485826,
                "id_posto": "teste"
            }
        ]
    },
    {
        "ID": "testeLarsid",
        "Latitude": 70,
        "Longitude": 70,
        "Bateria": 100,
        "IsCarregando": false,
        "IsDeslocandoAoPosto": false,
        "Pagamentos": null
    },
    {
        "ID": "testePcArthur",
        "Latitude": 700,
        "Longitude": 700,
        "Bateria": 100,
        "IsCarregando": false,
        "IsDeslocandoAoPosto": false,
        "Pagamentos": [
            {
                "id_veiculo": "testePcArthur",
                "valor": 45,
                "id_posto": "teste"
            }
        ]
    }
]